Overall rank,Gender rank,Bib number,First name,Last name,Gender,Age,State code,Country code,Flexible geolocation,Start Offset,Raspberry 1 In,Raspberry 1 Out,Antero In,Antero Out,St Elmo 1 In,St Elmo 1 Out,Cottonwood In,Cottonwood Out,St Elmo 2 In,St Elmo 2 Out,Tin Cup In,Tin Cup Out,Hancock In,Hancock Out,Lost Wonder In,Lost Wonder Out,Purgatory In,Purgatory Out,Monarch Pass In,Monarch Pass Out,Fooses Creek In,Fooses Creek Out,Shavano In,Shavano Out,Blanks Cabin In,Blanks Cabin Out,Raspberry 2 In,Raspberry 2 Out,Finish
1,1,100,John,Herrick,male,30,CO,US,"Boulder, CO",00:00:00,01:14:00,01:14:00,03:27:10,03:28:40,04:43:50,04:45:56,06:12:00,06:16:00,07:40:31,07:43:30,08:25:48,08:28:07,10:05:45,10:13:56,11:32:14,11:34:58,13:44:27,13:45:56,14:35:03,14:35:57,15:46:27,15:48:07,17:03:57,17:04:52,17:32:15,17:36:07,19:42:49,19:43:35,21:23:00
2,2,123,Gabe,Joyes,male,35,WY,US,"Lander, WY",00:00:00,01:03:00,01:04:00,03:10:35,03:11:29,04:30:00,04:32:00,05:56:00,05:59:00,07:40:17,07:40:21,08:11:20,08:13:10,09:53:13,10:02:42,11:26:23,11:26:33,13:35:04,13:35:47,14:27:31,14:27:49,15:39:38,15:40:51,17:17:07,17:19:24,17:56:16,18:09:06,20:32:59,20:40:17,22:29:09
3,3,139,Paul,Terranova,male,47,TX,US,"Austin, TX",00:00:00,01:08:00,01:09:00,03:29:39,03:31:29,04:55:49,04:58:53,06:34:00,06:37:00,08:12:18,08:14:01,09:03:16,09:05:53,10:50:35,10:57:17,12:30:17,12:34:45,15:06:33,15:10:29,16:04:05,16:07:39,17:27:26,17:30:44,19:07:00,19:08:00,19:44:45,19:47:53,22:00:21,22:02:05,23:39:51
4,4,13,Samuel,Ritchie,male,34,CO,US,"Boulder, CO",00:00:00,01:17:00,01:18:00,03:45:06,03:47:05,05:13:29,05:14:46,06:51:00,06:54:00,08:29:36,08:33:41,09:26:19,09:27:52,11:21:09,11:31:07,13:03:33,13:09:08,15:34:44,15:39:11,16:27:27,16:29:55,17:47:11,17:50:05,19:26:21,19:27:24,20:15:17,20:17:00,22:22:23,22:23:44,23:50:22
5,5,19,Patrick,McGlade,male,32,CO,US,"Lakewood, CO",00:00:00,01:14:00,01:14:00,03:34:15,03:34:43,04:59:16,04:59:20,06:38:00,06:42:00,08:15:51,08:17:57,09:04:21,09:05:50,10:50:44,10:58:11,12:24:12,12:27:47,15:21:31,15:32:53,16:43:39,16:58:58,18:25:01,18:33:46,20:09:37,20:11:45,20:46:20,20:52:22,22:47:20,22:53:57,24:32:03
6,6,140,Ryan,Wattles,male,38,CO,US,"Hayden, CO",00:00:00,01:21:00,01:22:00,03:54:25,03:56:31,05:29:36,05:31:22,07:06:00,07:08:00,08:43:37,08:45:14,09:39:47,09:41:19,11:32:29,12:02:50,13:14:32,13:18:20,15:51:52,15:56:01,16:59:08,16:59:14,18:14:27,18:19:20,20:00:37,20:00:40,20:35:49,20:42:48,22:56:26,23:00:22,24:41:15
7,1,24,Salynda,Heinl,female,36,CO,US,"Conifer, CO",00:00:00,01:11:00,01:12:00,03:33:03,03:33:51,04:59:04,04:59:06,06:34:00,06:37:00,08:18:01,08:19:08,09:09:18,09:09:58,10:59:49,11:07:57,12:40:56,12:42:09,15:31:17,15:33:41,16:31:46,16:31:55,18:05:55,18:08:00,20:05:00,20:06:56,20:43:29,20:47:09,23:22:17,23:23:25,25:06:44
8,2,89,Kaci,Lickteig,female,34,NE,US,"Omaha, NE",00:00:00,01:15:00,01:15:00,03:52:04,03:53:38,05:31:53,05:34:39,07:25:00,07:29:00,09:16:59,09:19:09,10:23:22,10:25:24,12:46:48,13:04:42,14:55:15,15:03:54,18:04:38,18:14:00,19:08:39,19:09:16,20:37:52,20:40:23,22:18:27,22:19:46,22:57:53,23:01:42,25:15:48,25:16:34,26:40:13
9,3,70,Silke,Koester,female,38,CO,US,"Boulder, CO",00:00:00,01:14:00,01:14:00,03:46:19,03:47:04,05:20:31,05:20:56,07:05:00,07:07:00,08:52:19,08:52:54,09:49:13,09:49:52,11:49:06,11:51:32,13:30:16,13:31:21,16:34:21,16:40:37,17:53:23,17:53:32,19:29:47,19:35:50,21:30:59,21:32:19,22:10:24,22:28:11,24:50:12,24:54:15,26:41:22
10,7,147,Kyle,Moss,male,30,CO,US,"Broomfield, CO",00:00:00,01:15:00,01:16:00,03:46:15,03:47:28,05:20:40,05:22:37,07:05:00,07:07:00,08:52:23,08:54:12,09:48:00,09:50:04,12:02:28,12:19:51,13:56:11,13:59:06,17:04:36,17:17:55,18:11:12,18:14:37,19:36:32,19:44:06,21:28:12,21:29:16,22:10:55,22:15:10,24:49:10,24:55:12,26:41:37
11,8,54,Mike,Cassidy,male,40,CO,US,"Ridgway, CO",00:00:00,01:24:00,01:28:00,04:04:24,04:07:59,05:44:00,05:46:21,07:27:00,07:30:00,09:17:14,09:22:58,10:17:47,10:21:44,12:19:28,12:32:49,14:11:16,14:13:58,17:10:03,17:18:32,18:22:19,18:27:41,20:14:06,20:20:27,22:11:35,22:13:12,22:57:47,23:01:23,25:44:38,25:48:39,27:24:54
12,9,119,Mark,Eury,male,44,CO,US,"Golden, CO",00:00:00,01:14:00,01:16:00,04:01:55,04:04:15,05:48:22,05:54:15,07:42:00,07:49:00,09:40:44,09:46:34,10:47:17,10:51:31,13:17:15,13:20:45,14:56:00,14:56:51,17:57:39,18:06:09,19:02:28,19:15:32,20:43:46,20:47:15,22:36:46,22:37:00,23:15:46,23:27:42,25:54:54,25:58:24,27:29:01
13,10,4,Scott,Hollister,male,37,CO,US,"Colorado Springs, CO",00:00:00,01:09:00,01:10:00,03:27:20,03:28:38,04:54:41,04:57:26,06:32:00,06:39:00,08:19:19,08:23:21,09:19:50,09:24:03,11:14:25,11:30:05,13:16:00,13:22:16,16:35:08,16:42:35,17:58:44,17:58:50,19:39:33,19:46:18,21:47:55,21:52:53,22:34:20,22:42:51,25:37:35,25:43:17,27:35:52
14,11,33,David,Braunlich,male,30,CO,US,"Littleton, CO",00:00:00,01:19:00,01:28:00,04:00:47,04:04:04,05:40:06,05:43:38,07:21:00,07:25:00,09:06:18,09:13:20,10:10:19,10:13:45,12:13:24,12:21:30,14:06:58,14:13:37,17:10:36,17:17:50,18:28:16,18:41:06,20:22:17,20:28:23,22:25:16,22:28:55,23:07:07,23:20:34,25:59:20,26:05:24,27:56:05
15,4,6,Amber,Weibel,female,43,CA,US,"South Lake Tahoe, CA",00:00:00,01:17:00,01:19:00,04:00:42,04:02:15,05:43:49,05:44:55,07:34:00,07:37:00,09:34:46,09:36:27,10:35:54,10:38:18,12:50:56,13:06:19,15:08:19,15:21:08,18:11:35,18:11:50,19:11:45,19:13:29,20:48:55,20:55:49,22:49:11,22:50:45,23:27:16,23:32:14,26:10:42,26:13:41,27:57:23
16,12,128,Steven,Moore,male,53,TX,US,"Austin, TX",00:00:00,01:14:00,01:15:00,03:47:44,03:48:26,05:21:18,05:24:06,07:13:00,07:16:00,09:05:54,09:09:43,10:09:09,10:12:43,12:18:18,12:28:20,14:22:26,14:29:57,17:50:49,18:06:34,19:04:30,19:15:15,20:51:02,20:54:26,22:49:19,22:50:55,23:33:57,23:51:55,26:31:33,26:34:37,28:06:55
17,5,78,Sonja,Hinish,female,35,CO,US,"Golden, CO",00:00:00,01:18:00,01:20:00,04:09:32,04:11:24,05:50:19,05:55:22,07:41:00,07:47:00,09:35:13,09:39:14,10:39:08,10:40:42,12:45:49,12:50:36,14:42:10,14:51:06,17:59:00,18:04:55,19:06:14,19:07:10,20:53:19,21:00:11,23:13:32,23:14:09,23:58:07,24:11:28,26:22:20,26:28:05,28:08:45
18,13,94,Eric,Borer,male,35,NM,US,"Cloudcroft, NM",00:00:00,01:18:00,01:20:00,03:51:58,03:57:03,05:33:09,05:36:05,07:21:00,07:30:00,09:17:19,09:22:34,10:19:47,10:24:53,12:35:05,12:47:05,14:41:52,14:49:48,18:32:10,18:40:44,19:43:01,19:52:56,21:31:27,21:38:17,23:36:56,23:38:36,24:12:54,24:22:27,26:51:54,26:53:59,28:22:55
19,14,144,Cory,Linfield,male,34,CO,US,"Colorado Springs, CO",00:00:00,01:15:00,01:16:00,03:54:04,03:55:10,05:31:19,05:33:36,07:16:00,07:21:00,09:09:01,09:13:59,10:09:51,10:12:23,12:23:50,12:39:15,14:35:00,14:43:36,17:47:26,17:54:48,18:57:17,19:06:08,20:47:56,20:53:34,22:50:23,22:54:59,23:35:26,23:50:00,26:22:54,26:24:03,28:24:21
20,15,50,Michael,Kershen,male,39,CO,US,"Denver, CO",00:00:00,01:17:00,01:18:00,03:59:59,04:03:34,05:41:24,05:44:53,07:33:00,07:38:00,09:24:55,09:29:35,10:29:54,10:32:25,12:36:15,12:48:04,14:34:51,14:40:44,18:00:18,18:06:00,19:04:42,19:20:14,20:51:35,20:58:33,22:55:53,23:03:54,23:42:29,23:50:37,26:24:17,26:31:10,28:28:16
21,6,105,Megan,Eckert,female,34,NM,US,"Santa Fe, NM",00:00:00,01:22:00,01:23:00,04:10:06,04:11:40,05:51:04,05:54:43,07:52:00,07:56:00,09:53:26,09:59:32,11:02:21,11:05:11,13:17:12,13:25:55,15:15:22,15:20:52,18:44:30,18:55:19,20:03:22,20:03:28,21:34:18,21:38:52,23:29:59,23:30:07,24:11:07,24:16:34,26:51:13,26:54:15,28:39:57
22,16,8,Craig,Lancaster,male,37,NC,US,"Fleetwood, NC",00:00:00,01:31:00,01:32:00,04:30:14,04:32:41,06:17:43,06:20:22,08:13:00,08:20:00,10:16:02,10:18:23,11:22:17,11:26:51,13:33:16,13:45:18,15:38:58,15:45:17,19:04:42,19:14:22,20:24:17,20:31:56,22:18:34,22:20:55,24:14:15,24:15:49,24:53:48,25:07:29,27:16:31,27:16:56,28:43:17
23,17,41,Collin,O'Berry,male,36,NC,US,"Asheville, NC",00:00:00,01:11:00,01:11:00,03:36:35,03:39:42,05:16:45,05:26:35,07:12:00,07:24:00,09:06:04,09:15:41,10:16:17,10:24:12,12:25:03,13:04:12,14:54:11,15:06:31,18:15:10,18:26:03,19:39:57,19:59:03,21:38:03,21:46:02,23:38:03,23:44:08,24:20:10,24:27:17,27:13:38,27:13:47,28:50:57
24,18,146,Travis,Mattern,male,47,CO,US,"Steamboat Springs, CO",00:00:00,01:17:00,01:18:00,04:04:01,04:07:46,05:49:27,05:54:49,07:43:00,07:48:00,09:41:16,09:54:23,10:58:16,11:00:16,13:06:06,13:12:56,15:10:59,15:17:06,18:31:30,18:40:52,19:58:01,20:02:51,21:44:07,21:49:12,23:57:33,23:59:00,24:40:55,24:46:00,27:19:13,27:22:19,29:00:43
25,19,87,Jason,Cannan,male,34,CO,US,"Evergreen, CO",00:00:00,01:23:00,01:24:00,04:10:11,04:14:45,06:02:27,06:08:18,08:09:00,08:19:00,10:17:42,10:23:55,11:25:02,11:27:40,13:26:50,13:54:12,15:41:16,15:53:05,19:04:47,19:21:01,20:20:18,20:37:34,22:10:38,22:18:14,24:04:21,24:07:49,24:43:44,24:50:42,"",27:24:45,29:14:53
26,20,137,Christopher,Eveland,male,46,TN,US,"Nashville, TN",00:00:00,01:17:00,01:19:00,04:04:19,04:13:00,05:55:43,06:01:14,08:00:00,08:05:00,09:58:45,09:59:51,10:59:23,11:06:22,13:16:27,13:28:20,15:27:08,15:34:09,18:55:02,19:06:37,20:22:00,20:28:18,22:02:44,22:05:25,24:08:38,24:10:55,24:46:34,24:53:40,27:32:20,27:39:12,29:21:01
27,7,116,Suzanna,Bon,female,57,CA,US,"Sonoma, CA",00:00:00,01:22:00,01:24:00,04:10:04,04:11:37,05:55:31,05:56:53,07:47:00,07:55:00,09:46:14,09:49:24,10:47:10,10:50:06,12:48:29,13:06:50,15:03:24,15:07:47,18:19:56,18:31:17,19:34:33,19:51:56,21:39:27,21:47:46,23:48:33,23:48:38,24:30:00,24:40:50,27:25:25,27:30:28,29:28:20
28,21,103,Brett,Harkey,male,50,CO,US,"Fort Collins, CO",00:00:00,01:15:00,01:16:00,03:51:03,03:54:22,05:36:25,05:41:16,07:40:00,07:46:00,09:44:27,09:52:24,10:54:38,10:57:11,13:18:30,13:33:47,15:21:52,15:27:24,19:03:53,19:13:46,20:37:21,20:49:05,22:40:07,22:44:43,24:42:35,24:42:53,25:21:24,25:27:01,27:46:08,27:47:37,29:36:24
29,22,151,Mike,Traub,male,44,CO,US,"Denver, CO",00:00:00,01:18:00,01:21:00,04:04:28,04:08:52,05:47:57,05:52:57,07:37:00,07:44:00,09:36:09,09:47:49,10:47:31,10:52:32,13:17:23,13:22:14,15:18:00,15:25:35,18:55:29,19:22:14,20:32:30,20:48:07,22:39:24,22:51:15,24:45:00,24:45:10,25:20:30,25:28:36,27:49:51,27:51:07,29:38:49
30,8,47,Maggie,Guterl,female,40,CO,US,"Durango, CO",00:00:00,01:15:00,01:15:00,03:54:18,03:55:39,05:32:03,05:34:41,07:20:00,07:25:00,09:12:59,09:14:52,10:13:19,10:16:54,12:22:21,12:35:44,14:28:25,14:37:46,18:12:35,18:23:48,19:37:24,19:59:55,21:57:22,22:06:27,24:29:14,24:30:52,25:13:22,25:28:46,28:11:25,28:14:44,29:46:11
31,23,30,Mike,Dietz,male,47,IL,US,"Lake Barrington, IL",00:00:00,01:15:00,01:15:00,03:42:17,03:44:22,05:14:38,05:16:12,06:54:00,06:57:00,08:39:29,08:43:43,09:45:07,09:47:28,11:50:03,12:15:03,14:10:34,14:14:45,17:54:02,18:06:44,19:05:14,19:15:23,20:57:39,21:02:30,23:11:37,23:13:11,24:04:50,24:15:38,27:10:53,27:11:09,29:47:07
32,24,85,Jake,Nowosatka,male,30,WA,US,"Seattle, WA",00:00:00,01:27:00,01:31:00,04:30:56,04:34:19,06:17:54,07:05:36,08:14:00,08:30:00,10:16:07,10:19:16,11:19:54,11:26:56,13:23:28,13:50:52,15:36:30,15:47:39,18:51:49,18:56:38,19:53:06,20:03:53,21:31:49,21:47:00,23:43:50,23:51:32,24:41:03,25:15:58,27:46:18,27:50:09,30:00:20
33,25,73,Mike,Robbert,male,46,CO,US,"Golden, CO",00:00:00,01:12:00,01:13:00,03:41:45,03:43:23,05:11:16,05:14:42,06:51:00,06:59:00,08:55:21,09:06:21,10:01:59,10:07:51,12:36:12,13:11:11,15:08:45,15:13:59,18:30:15,18:56:05,20:02:23,20:15:38,22:06:11,22:41:49,25:10:47,25:15:02,25:58:13,26:14:15,28:28:55,28:30:03,30:08:36
34,9,21,Sara,Boughner,female,33,MT,US,"Missoula, MT",00:00:00,01:17:00,01:17:00,04:04:07,04:05:57,05:49:05,05:52:17,07:39:00,07:47:00,09:43:08,09:46:44,10:48:13,10:49:44,12:59:54,13:14:07,15:20:39,15:25:06,19:07:53,19:13:44,20:29:31,20:41:44,22:46:06,22:47:43,25:04:27,25:05:11,25:51:36,25:55:33,28:41:50,28:42:24,30:17:40
35,26,97,Logan,Hjelmstad,male,26,CO,US,"Canon City, CO",00:00:00,01:15:00,01:15:00,03:36:11,03:36:49,05:12:05,05:13:45,07:11:00,07:25:00,09:14:43,09:16:46,10:17:41,10:21:20,12:13:00,12:32:37,14:21:11,14:32:41,17:58:35,18:06:41,19:12:10,19:28:02,21:20:50,21:25:22,23:41:30,23:47:29,24:31:12,24:43:03,27:50:52,27:54:50,30:34:00
36,10,64,Erin,Shaw,female,39,CO,US,"Superior, CO",00:00:00,01:19:00,01:21:00,04:11:33,04:15:06,06:06:18,06:10:31,08:05:00,08:16:00,10:18:47,10:27:23,11:32:53,11:35:42,13:46:41,14:13:12,16:09:36,16:23:54,19:56:35,20:05:55,21:12:29,21:23:41,23:06:39,23:15:46,25:21:13,25:24:23,26:06:47,26:16:58,28:44:55,28:46:42,30:39:14
37,27,35,Eric,Pope,male,58,NM,US,"Albuquerque, NM",00:00:00,01:17:00,01:17:00,04:11:31,04:13:02,06:06:03,06:07:52,08:19:00,08:28:00,10:27:00,10:29:23,11:37:18,11:40:11,13:55:25,14:04:45,16:06:03,16:12:36,20:05:10,20:20:33,21:29:58,21:44:27,23:32:33,23:40:54,25:37:16,25:37:21,26:21:11,26:25:46,28:57:30,29:04:42,30:51:27
38,28,77,Jay,Mast,male,45,OH,US,"Dublin, OH",00:00:00,01:34:00,01:37:00,04:53:18,04:57:22,06:57:21,07:01:27,08:56:00,09:11:00,11:13:03,11:17:59,12:28:07,12:31:13,14:56:46,15:24:32,17:31:59,17:47:22,20:58:33,21:00:30,22:19:16,22:20:41,24:10:43,24:22:15,26:08:48,26:08:59,26:44:22,26:49:54,29:17:27,29:20:22,30:55:08
39,29,56,Jeremy,Howard,male,50,RI,US,"Little Compton, RI",00:00:00,01:27:00,01:29:00,04:19:00,04:21:53,06:13:58,06:14:03,08:09:00,08:19:00,10:17:57,10:21:10,11:23:01,11:24:20,13:36:31,13:59:58,15:59:32,16:04:11,19:28:08,19:32:39,20:52:19,20:52:27,22:48:02,22:53:12,24:56:25,24:56:47,25:39:12,25:47:08,28:42:54,28:43:02,30:57:34
40,11,90,Erica,Rackley,female,31,AZ,US,"Flagstaff, AZ",00:00:00,01:15:00,01:16:00,03:46:29,03:47:21,05:23:10,05:26:38,07:17:00,07:24:00,09:13:02,09:15:25,10:14:07,10:16:34,13:01:44,13:01:50,15:02:30,15:13:49,19:07:03,19:16:43,20:52:40,21:12:42,22:59:08,23:03:49,25:15:39,25:18:20,25:57:53,26:07:44,28:56:13,29:05:10,31:03:01
41,30,67,Matt,Gurba,male,36,CO,US,"Denver, CO",00:00:00,01:19:00,01:21:00,04:04:22,04:07:30,05:55:17,06:10:26,07:55:00,08:03:00,10:01:43,10:08:14,11:10:11,11:13:21,13:25:51,13:39:04,15:44:56,15:54:17,19:28:45,19:42:21,21:00:28,21:16:35,23:22:18,23:31:03,25:30:19,25:32:42,26:11:20,26:25:15,29:02:23,29:09:16,31:04:52
42,31,23,Chris,McElveny,male,49,NM,US,"Albuquerque, NM",00:00:00,01:18:00,01:19:00,04:06:01,04:08:19,05:50:47,05:54:35,07:44:00,07:49:00,09:53:50,10:48:33,11:50:55,11:55:00,14:15:03,15:20:12,17:16:49,17:25:23,20:44:23,20:57:48,22:12:11,22:29:36,24:24:52,24:32:31,26:34:00,26:35:45,27:18:30,27:24:43,30:03:04,30:04:34,31:40:01
43,32,84,Scott,Raymond,male,40,VT,US,"Hinesburg, VT",00:00:00,01:37:00,01:44:00,05:17:31,05:20:15,07:30:35,07:34:58,09:47:00,09:57:00,12:04:08,12:07:33,13:13:15,13:15:09,15:51:51,16:15:53,18:13:29,18:19:43,21:56:29,22:05:41,23:15:00,23:25:06,24:52:43,24:55:58,26:40:43,26:42:14,27:18:25,27:29:13,30:05:31,30:11:30,31:51:23
44,33,125,James,Flanary,male,42,CO,US,"Colorado Springs, CO",00:00:00,01:19:00,01:20:00,04:09:58,04:12:31,06:01:30,06:07:29,08:01:00,08:04:00,10:08:51,10:22:12,11:25:31,11:29:43,13:52:47,14:18:00,16:40:14,16:54:22,20:52:44,21:17:52,22:35:27,23:01:46,24:39:20,24:45:24,26:40:32,26:41:43,27:18:21,27:24:58,30:03:18,30:04:10,31:53:17
45,34,57,David,Odell,male,54,CA,US,"Santa Barbara, CA",00:00:00,01:27:00,01:29:00,04:42:12,04:44:27,06:40:44,06:42:55,09:01:00,09:09:00,11:24:00,11:29:59,12:38:51,12:42:04,15:09:08,15:28:52,17:42:33,17:54:03,21:38:46,21:40:44,23:02:20,23:19:19,24:43:08,24:44:56,26:44:32,26:45:04,27:27:00,27:33:18,30:15:06,30:16:54,32:22:25
46,35,154,Robert,Kehoe,male,30,CO,US,"Littleton, CO",00:00:00,01:17:00,01:17:00,04:07:04,04:10:08,05:49:50,05:52:53,07:39:00,07:47:00,09:52:50,10:04:58,11:11:34,11:16:56,13:19:09,13:28:48,15:18:10,15:25:12,18:35:17,18:56:43,20:02:10,20:15:49,22:06:21,22:39:41,25:10:31,25:15:00,25:59:06,26:32:34,29:40:24,29:57:37,32:29:40
47,36,145,Gregory,Loomis,male,47,VA,US,"Midlothian, VA",00:00:00,01:37:00,01:39:00,04:58:32,05:00:39,07:02:27,07:09:05,09:18:00,09:23:00,11:32:14,11:38:26,12:48:53,12:54:55,15:21:34,15:43:17,17:54:23,18:03:46,21:47:22,21:56:38,23:14:52,23:27:40,25:03:04,25:13:46,27:00:59,27:06:58,27:44:58,28:01:42,30:40:30,30:42:22,32:33:06
48,12,118,Tara,Warren,female,47,UT,US,"Ogden, UT",00:00:00,01:20:00,01:21:00,04:31:53,04:32:58,07:07:58,07:16:06,09:03:00,09:09:00,10:59:43,11:13:10,12:19:29,12:20:13,14:48:34,15:08:39,17:16:17,17:16:23,20:52:27,20:57:17,22:30:15,22:30:21,24:35:42,24:39:04,26:59:08,26:59:57,27:45:54,27:54:39,30:47:07,30:47:58,32:42:14
49,37,46,Jon,Davis,male,41,CO,US,"Frederick, CO",00:00:00,01:23:00,01:25:00,04:38:19,04:46:09,06:42:00,06:46:01,09:01:00,09:17:00,11:24:39,11:31:40,12:39:03,12:42:26,15:10:12,15:50:52,18:03:26,18:28:47,21:49:53,22:04:57,23:14:26,23:27:47,25:02:50,25:13:42,27:00:53,27:06:54,27:45:04,28:01:37,30:51:40,30:56:32,32:52:54
50,38,38,Jim,Skelding,male,50,TX,US,"Austin, TX",00:00:00,01:22:00,01:23:00,04:24:58,04:25:00,06:19:04,06:25:25,08:32:00,08:35:00,10:44:10,10:47:44,11:52:09,11:53:33,14:13:15,14:24:40,16:29:21,16:32:45,20:27:16,20:36:53,21:59:34,21:59:39,24:07:00,24:19:32,26:42:32,26:43:45,27:27:29,27:35:16,30:49:04,30:49:09,32:53:17
51,39,34,Jesse,Miller,male,25,CO,US,"Lakewood, CO",00:00:00,01:32:00,01:34:00,04:30:01,04:31:19,06:22:23,06:23:52,08:37:00,08:42:00,10:42:45,10:45:10,12:00:33,12:01:55,14:18:44,14:28:00,16:23:31,16:26:25,20:53:04,21:05:51,22:35:44,22:50:14,24:58:13,25:02:53,27:25:23,27:26:25,28:10:47,28:14:26,31:12:38,31:14:35,32:54:24
52,13,120,Katie,Gibson,female,47,MT,US,"Missoula, MT",00:00:00,01:27:00,01:29:00,04:36:30,04:40:44,06:47:17,06:53:01,08:57:00,09:03:00,11:04:56,11:14:15,12:21:45,12:25:13,14:52:59,15:12:24,17:27:04,17:36:53,21:31:33,21:40:32,23:07:22,23:19:55,25:14:27,25:23:29,27:18:35,27:22:26,28:02:26,28:11:31,30:55:46,30:57:48,32:55:46
53,40,20,Alan,Barichievich,male,54,CA,US,"South Lake Tahoe, CA",00:00:00,01:25:00,01:30:00,04:22:15,04:26:07,06:18:22,06:24:04,08:27:00,08:39:00,10:42:14,10:43:36,11:47:23,11:50:28,14:06:18,14:43:56,16:52:44,17:05:25,20:56:49,21:13:19,22:23:29,22:56:58,24:53:27,25:07:29,27:10:51,27:13:15,27:54:01,28:11:58,31:09:00,31:10:31,33:04:29
54,14,98,Jitka,O'Farrell,female,43,CO,US,"Lakewood, CO",00:00:00,01:29:00,01:31:00,04:35:52,04:40:18,06:42:07,06:47:28,08:50:00,08:59:00,10:55:38,11:03:33,12:10:17,12:11:45,14:25:44,14:45:09,16:58:34,16:59:32,20:53:50,21:18:23,22:36:26,22:54:25,24:44:49,24:56:08,27:03:17,27:04:34,27:52:40,28:07:35,31:11:34,31:16:53,33:51:29
55,41,88,Kevin,Cannaday,male,42,CO,US,"Conifer, CO",00:00:00,01:18:00,01:18:00,04:13:15,04:16:58,06:07:10,06:13:26,08:13:00,08:18:00,10:48:45,10:48:49,11:55:46,11:58:08,14:14:58,14:36:22,17:12:07,17:24:31,21:35:29,21:44:18,23:09:16,23:31:26,25:14:45,25:16:39,27:15:42,27:16:37,28:05:12,28:19:28,31:31:43,31:40:39,33:51:43
56,15,17,Lise,Plantier,female,41,TX,US,"Austin, TX",00:00:00,01:32:00,01:34:00,04:59:31,05:02:46,07:17:05,07:22:11,09:40:00,09:45:00,11:52:09,11:57:07,13:03:49,13:04:47,15:36:51,15:52:30,18:16:43,18:25:41,22:24:38,22:33:40,23:48:38,23:56:51,"",25:38:59,27:53:42,27:54:57,28:41:44,28:45:55,31:47:22,31:50:25,33:52:01
57,42,101,Josh,Grant,male,46,CA,US,"Morgan Hill, CA",00:00:00,01:25:00,01:26:00,04:30:06,04:35:06,06:26:16,06:37:24,08:39:00,09:03:00,11:04:12,11:15:15,12:17:29,12:20:49,14:36:45,15:21:29,17:33:30,17:55:30,21:45:33,21:57:16,23:29:57,23:32:44,25:29:48,25:34:05,27:40:05,27:40:42,28:23:20,28:25:34,31:30:49,31:31:29,33:52:27
58,16,39,Sarah,Lavender Smith,female,52,CO,US,"Telluride, CO",00:00:00,01:26:00,01:27:00,04:24:38,04:26:05,06:17:15,06:22:05,08:22:00,08:27:00,10:30:26,10:45:02,11:43:37,11:44:02,14:02:10,14:25:59,16:40:00,16:45:54,20:41:09,20:54:37,22:15:47,22:21:47,24:47:34,25:08:58,27:16:49,27:18:40,28:00:26,28:12:06,31:25:58,31:29:01,33:53:49
59,17,82,Phoebe,Erdman,female,32,UT,US,"Park City, UT",00:00:00,01:27:00,01:29:00,04:37:51,04:43:29,06:42:09,06:48:40,08:52:00,09:01:00,11:10:57,11:20:22,12:28:09,12:31:11,15:21:22,15:27:02,17:37:27,17:45:57,21:43:22,21:56:59,23:19:40,23:32:35,25:31:59,25:39:47,27:43:49,27:47:45,28:28:06,28:35:40,31:35:29,31:40:18,33:57:08
60,18,49,Madalyn,Gibson,female,30,CO,US,"Golden, CO",00:00:00,01:32:00,01:34:00,04:54:31,04:57:07,07:04:36,07:09:31,09:16:00,09:21:00,11:30:42,11:33:42,12:42:17,12:42:53,15:09:23,15:26:33,17:30:34,17:35:37,21:53:41,22:06:49,23:38:35,23:39:01,25:31:56,25:40:07,27:45:01,27:46:19,28:27:05,28:32:04,31:34:38,31:40:26,34:00:01
61,43,127,Ryan,Larson,male,43,CO,US,"Steamboat Springs, CO",00:00:00,01:27:00,01:30:00,04:23:55,04:28:27,06:18:42,06:24:15,08:32:00,08:41:00,10:50:49,11:01:35,12:10:34,12:16:56,14:51:47,14:56:34,17:10:43,17:28:58,22:10:33,22:41:46,24:03:11,24:59:14,26:40:56,26:52:14,28:46:11,28:47:29,29:25:45,29:42:45,32:11:30,32:21:25,34:00:34
62,19,12,Kelly,Fitch,female,43,CA,US,"Meyers, CA",00:00:00,01:43:00,01:47:00,05:02:33,05:06:13,07:19:52,07:25:06,09:32:00,09:36:00,11:48:01,11:56:42,13:03:09,13:05:25,15:43:20,16:10:33,18:28:33,18:41:50,22:16:21,22:21:15,23:38:20,23:48:24,25:52:25,26:03:45,28:03:06,28:05:07,28:43:07,28:48:07,31:47:04,31:52:10,34:05:34
63,44,25,Trey,Clark,male,32,AL,US,"Prattville, AL",00:00:00,01:34:00,01:37:00,04:10:10,05:04:11,06:58:03,07:02:43,08:56:00,09:14:00,11:29:37,11:57:17,13:05:07,13:06:16,15:42:58,16:37:53,18:46:28,18:54:26,22:53:34,23:11:47,24:18:49,24:23:03,26:09:56,26:17:05,28:10:06,28:10:55,28:51:02,29:02:30,31:53:04,31:59:34,34:07:35
64,45,93,Jesse,Morehouse,male,48,CO,US,"Colorado Springs, CO",00:00:00,01:37:00,01:42:00,04:59:26,05:02:00,06:58:44,07:02:49,09:09:00,09:14:00,11:19:21,11:22:19,12:25:25,12:27:16,14:49:35,15:05:02,17:21:07,17:35:57,21:59:45,22:36:51,23:53:07,23:56:04,"",25:55:07,28:02:17,28:10:26,28:49:44,28:57:16,31:53:30,31:59:48,34:07:46
65,46,141,Will,Fisher,male,50,CT,US,"Redding, CT",00:00:00,01:31:00,01:36:00,04:50:00,04:48:14,06:50:10,07:00:14,09:11:00,09:37:00,12:05:39,12:05:41,13:22:00,"",16:10:20,16:48:11,19:04:26,19:23:28,23:17:03,23:32:58,24:38:38,24:44:26,26:15:15,26:24:31,28:25:21,28:25:37,29:07:20,29:12:42,32:00:03,32:00:53,34:11:18
66,47,108,Tim,Bishop,male,45,CO,US,"Denver, CO",00:00:00,01:37:00,01:38:00,05:01:54,05:04:48,07:14:53,07:14:56,09:26:00,09:38:00,12:02:32,12:02:36,13:11:08,13:54:40,15:44:49,16:08:38,18:32:43,18:41:40,22:35:14,22:42:26,24:13:56,24:24:00,25:59:43,26:08:30,28:12:43,28:14:45,28:59:18,29:14:00,32:13:56,32:17:46,34:28:20
67,48,42,David,Fox,male,42,CO,US,"Golden, CO",00:00:00,01:34:00,01:34:00,05:21:03,05:27:07,07:39:11,07:47:05,10:05:00,10:18:00,12:34:32,12:39:18,13:50:43,13:53:57,16:32:13,16:49:22,19:03:34,19:06:21,23:21:51,23:30:45,24:46:03,24:56:00,26:22:28,26:28:32,28:35:57,28:37:36,29:18:33,29:21:01,32:14:57,32:16:33,34:29:19
68,20,110,Tara,Fahrner,female,35,MT,US,"Dillon, MT",00:00:00,01:34:00,01:34:00,04:46:52,04:50:03,06:49:46,06:54:52,08:57:00,09:03:00,11:12:57,11:30:30,12:38:57,12:44:18,15:10:54,15:42:30,18:22:11,18:37:31,22:55:21,23:07:45,24:44:10,24:53:09,26:40:44,26:45:49,28:42:37,28:46:03,29:26:58,29:36:19,32:25:41,32:31:00,34:35:20
69,21,115,Kelsey,Woodard,female,33,CO,US,"Wheat Ridge, CO",00:00:00,01:32:00,01:40:00,04:58:56,05:03:42,07:02:32,07:12:29,09:23:00,09:43:00,11:55:00,12:00:34,13:07:05,13:09:05,15:38:22,16:27:31,19:05:31,19:18:00,23:27:43,23:42:42,24:49:48,25:05:12,26:48:00,26:56:08,28:48:31,28:50:51,29:38:10,29:49:08,32:17:39,32:27:16,34:42:26
70,49,48,Nick,Keller,male,42,MN,US,"Saint Paul, MN",00:00:00,01:31:00,01:32:00,04:57:26,05:01:56,07:06:24,07:14:18,09:42:00,09:58:00,12:11:03,12:18:22,13:27:29,13:30:53,16:08:52,16:37:14,18:45:36,18:51:31,23:02:52,23:09:16,24:45:07,24:45:14,26:32:10,26:37:56,28:40:30,28:44:01,29:26:35,29:32:16,32:30:54,32:32:55,34:43:55
71,22,68,Lori,Barekman,female,60,CA,US,"Santa Rosa, CA",00:00:00,01:30:00,01:31:00,04:50:39,04:53:41,07:00:32,07:03:52,09:19:00,09:23:00,11:44:00,11:52:46,13:00:06,13:03:36,15:54:00,16:01:15,18:29:09,18:39:00,22:44:53,22:46:33,24:12:16,24:26:25,26:15:07,26:16:21,28:18:09,28:19:31,29:04:56,29:09:43,32:15:19,32:22:47,34:45:18
72,50,60,Stephen,Bartos,male,37,CO,US,"Englewood, CO",00:00:00,01:32:00,01:34:00,05:07:07,05:09:45,07:20:59,07:30:27,09:51:00,10:02:00,12:17:08,12:22:52,13:30:29,13:30:31,15:56:52,16:11:51,18:17:28,18:32:17,22:28:40,22:34:16,23:43:33,24:06:07,26:03:13,26:10:33,28:23:31,28:25:51,29:08:41,29:20:21,32:35:11,32:42:11,34:46:12
73,51,59,Wayne,McGilvery,male,52,CA,US,"Rimforest, CA",00:00:00,01:31:00,01:33:00,04:30:17,04:32:56,06:26:36,06:30:11,08:37:00,08:45:00,10:49:43,10:55:13,11:56:32,12:00:08,14:40:17,14:40:21,16:59:02,17:10:51,21:22:06,21:32:29,23:09:59,23:15:26,25:13:33,25:18:27,27:40:58,27:43:42,28:32:17,28:47:59,32:22:36,32:24:36,34:53:31
74,52,32,Robert,Bondurant,male,48,WA,US,"Chimacum, WA",00:00:00,01:33:00,01:36:00,04:57:52,05:01:36,07:11:24,07:15:32,09:45:00,09:50:00,12:02:58,12:02:59,13:15:19,13:19:54,16:10:18,16:20:37,19:07:23,19:17:51,23:34:22,23:54:35,25:01:05,25:03:58,26:42:14,26:48:59,28:49:20,28:52:34,29:36:38,29:43:26,32:39:13,33:38:15,35:28:05
75,23,66,Kristy,Levorson,female,36,CO,US,"Blue River, CO",00:00:00,01:32:00,01:35:00,04:56:28,05:02:06,07:21:50,07:33:15,09:43:00,09:57:00,12:06:41,12:17:48,13:39:00,13:43:22,16:25:22,16:42:17,18:35:28,18:52:20,22:32:49,22:35:33,23:54:23,24:06:34,26:02:22,26:17:46,28:32:58,28:35:44,29:22:34,29:36:30,32:41:55,33:36:42,35:28:46
76,53,14,Grant,Muller,male,39,GA,US,"Marietta, GA",00:00:00,01:27:00,01:30:00,04:45:13,04:52:41,07:00:04,07:08:44,09:28:00,09:41:00,12:10:17,12:23:45,13:38:51,13:41:46,16:22:48,16:55:24,19:14:42,19:35:19,23:20:00,23:34:51,24:52:44,25:05:19,26:56:01,26:58:44,29:04:53,29:05:37,29:45:28,29:56:48,33:15:42,33:36:48,35:29:19
77,54,31,Joseph,Sposato,male,35,MA,US,"Somerville, MA",00:00:00,01:31:00,01:33:00,04:54:20,04:58:35,07:02:56,07:11:48,09:28:00,09:33:00,11:55:42,12:14:34,13:27:36,13:29:43,16:22:00,16:48:08,19:07:53,19:17:21,23:53:23,24:00:01,25:19:59,25:32:48,27:28:38,27:30:52,30:07:02,30:08:34,30:52:24,30:59:12,33:53:38,33:53:47,35:29:44
78,55,27,Tommy,Stockton,male,61,NM,US,"Los Alamos, NM",00:00:00,01:22:00,01:23:00,04:32:20,04:34:23,06:31:46,06:35:52,08:46:00,08:55:00,11:08:22,11:15:43,12:22:38,12:24:17,15:23:55,15:56:39,18:33:49,18:50:20,23:29:34,23:40:04,24:57:26,25:20:48,27:04:27,27:07:52,29:04:27,29:06:24,29:54:51,29:59:16,33:16:06,33:51:35,35:32:45
79,56,3,Travis,McWhorter,male,34,NM,US,"Albuquerque, NM",00:00:00,01:18:00,01:19:00,04:01:06,04:06:04,05:57:17,06:08:08,08:08:00,08:14:00,10:15:58,10:27:25,11:47:13,11:50:42,14:58:43,16:06:43,18:41:02,19:03:19,23:46:22,23:58:39,24:58:20,25:04:06,26:42:05,26:57:18,29:04:23,29:07:02,29:55:11,30:00:06,33:15:07,33:37:19,35:32:53
80,57,136,Cory,Feign,male,44,CO,US,"Boulder, CO",00:00:00,01:32:00,01:38:00,05:10:46,05:15:41,07:20:54,07:33:18,09:45:00,09:58:00,12:00:17,12:09:39,13:23:06,13:26:28,16:06:21,16:50:07,19:08:04,19:25:00,23:19:39,23:45:03,24:59:59,25:10:18,27:00:11,27:06:04,29:31:11,29:32:02,30:20:50,30:29:57,33:17:23,33:39:08,35:34:10
81,58,126,Victor,Farmiga,male,49,CO,US,"Colorado Springs, CO",00:00:00,01:31:00,01:31:00,04:46:37,04:50:32,06:53:36,07:05:57,09:20:00,09:35:11,11:58:43,12:14:31,13:28:46,13:31:40,16:26:16,17:11:52,19:41:09,19:54:03,24:08:06,24:23:27,25:29:50,25:34:25,27:14:46,27:18:03,29:15:48,29:16:36,29:58:19,30:08:08,33:14:45,33:52:13,35:35:55
82,59,117,Rick,Hoopes,male,66,CA,US,"Oceanside, CA",00:00:00,01:36:00,01:38:00,05:00:26,05:03:15,07:08:23,07:09:41,09:30:00,09:39:00,11:53:57,12:03:19,13:06:26,13:08:20,15:49:37,16:04:23,18:42:55,18:56:37,23:35:06,23:41:59,24:58:53,24:59:00,26:44:24,26:52:42,29:00:17,29:00:36,29:45:01,29:53:32,33:13:50,33:52:26,35:38:40
83,24,99,Cassie,Cilli,female,34,CO,US,"Loveland, CO",00:00:00,01:37:00,01:40:00,05:21:07,05:23:27,07:46:55,07:52:59,10:22:00,10:37:00,13:09:00,13:24:15,14:40:39,14:46:21,16:52:20,18:15:44,20:37:27,20:46:23,24:28:33,24:31:38,25:34:49,25:46:30,27:40:36,27:47:08,30:06:21,30:09:15,30:51:56,30:57:47,33:56:14,33:56:23,35:40:11
84,60,150,Micah,Bevins,male,44,OK,US,"Broken Arrow, OK",00:00:00,01:19:00,01:20:00,04:22:42,04:26:15,06:31:57,06:39:04,08:50:00,08:57:00,11:18:44,11:31:01,12:45:12,12:48:43,15:45:23,16:11:40,18:51:39,19:01:30,23:26:47,23:30:34,24:39:07,24:50:35,26:53:09,26:57:45,29:17:04,29:19:40,30:03:02,30:08:22,33:17:09,33:50:50,35:41:16
85,61,135,Eric,Pence,male,55,CO,US,"Eagle, CO",00:00:00,01:34:00,01:35:00,04:46:23,04:49:41,06:49:09,06:53:20,09:09:00,09:12:00,11:30:16,11:40:15,12:56:23,12:59:51,16:10:42,16:15:40,18:39:43,18:48:59,22:43:16,22:56:18,24:14:21,24:31:57,26:36:09,26:40:09,28:51:52,28:54:55,29:37:51,29:48:18,33:14:25,33:50:40,35:46:31
86,25,132,Charity,Larson,female,46,CO,US,"Fort Collins, CO",00:00:00,01:41:00,01:42:00,05:11:35,05:15:37,07:34:36,07:34:39,10:07:00,10:23:00,12:45:23,12:52:39,14:01:37,14:07:28,17:01:17,17:14:43,19:56:14,19:56:37,23:52:20,23:57:05,25:12:48,25:28:36,27:25:01,27:35:40,29:29:14,29:29:39,30:11:41,30:15:18,33:16:35,33:51:10,35:47:02
87,26,22,Amanda,Mercer,female,25,CO,US,"Boulder, CO",00:00:00,01:37:00,01:39:00,05:13:22,05:19:07,07:34:10,07:43:55,10:15:00,10:25:00,13:03:01,13:12:44,14:28:52,14:33:32,17:47:02,18:02:55,20:36:07,20:47:29,24:35:49,24:36:58,25:50:03,26:00:21,27:37:47,27:40:12,30:01:16,30:02:21,30:48:37,30:55:24,33:49:52,34:12:49,35:49:27
88,62,16,Kevin,Geisen,male,25,CO,US,"Gunnison, CO",00:00:00,01:37:00,01:39:00,04:49:57,04:53:58,06:56:36,07:03:31,09:15:00,09:40:00,12:03:34,12:03:36,13:11:19,13:12:42,15:44:52,16:13:37,18:26:59,18:44:03,23:01:13,23:12:26,24:51:31,24:51:35,26:54:14,26:56:45,29:18:43,29:24:44,30:12:49,30:21:06,33:26:45,33:52:49,35:50:18
89,63,112,Orestes Pat,Hastings,male,36,CO,US,"Fort Collins, CO",00:00:00,01:21:00,01:22:00,04:09:44,04:12:41,05:56:29,06:01:11,08:12:00,08:27:00,10:51:40,11:04:43,12:14:56,12:22:23,15:11:33,15:12:07,18:07:41,18:56:56,24:06:15,24:17:33,25:27:36,25:42:41,27:20:05,27:36:00,29:22:20,29:29:46,30:10:33,30:27:59,33:32:08,34:15:06,35:50:48
90,64,102,Doug,Holt,male,38,CO,US,"Boulder, CO",00:00:00,01:27:00,01:29:00,04:32:16,04:35:37,06:26:42,06:32:32,08:58:00,09:12:00,11:32:25,11:41:37,12:57:21,13:00:24,15:58:43,16:02:30,18:22:48,18:30:49,22:55:11,23:01:42,24:44:34,24:46:21,26:45:40,26:51:34,29:22:43,29:26:15,30:20:40,30:34:41,33:57:05,33:57:14,35:54:16
91,27,71,Kendall,Chastain,female,25,CO,US,"Lafayette, CO",00:00:00,01:31:00,01:33:00,04:49:40,04:54:22,06:49:48,07:03:01,09:12:00,09:43:00,12:13:03,12:27:16,13:32:36,13:39:49,16:46:00,17:33:05,20:23:53,20:37:46,24:41:01,24:45:57,25:53:40,26:14:08,28:02:44,28:10:12,30:13:25,30:16:20,30:58:17,31:09:03,34:04:30,34:10:33,35:55:46
92,28,5,Tonya,Keyes,female,35,AZ,US,"Mesa, AZ",00:00:00,01:29:00,01:31:00,04:57:20,05:01:21,06:59:13,07:03:40,09:22:00,09:31:00,11:58:25,12:11:57,13:28:55,13:31:35,16:25:44,16:46:12,19:11:10,19:21:49,23:37:58,23:51:33,25:00:37,25:10:58,26:58:51,27:01:33,29:13:54,29:16:01,29:58:12,30:04:01,33:15:25,33:59:00,36:17:01
93,29,52,Hannah,Hoff,female,29,CO,US,"Golden, CO",00:00:00,01:34:00,01:35:00,05:23:34,05:30:01,07:53:35,07:53:39,10:06:00,10:18:00,12:34:28,12:39:16,13:50:46,13:54:00,16:32:10,16:49:32,19:09:05,19:14:05,23:22:02,23:35:26,24:49:34,25:00:44,27:02:32,27:08:08,29:31:19,29:31:45,30:13:54,30:16:16,33:54:54,33:55:53,36:20:24
94,65,124,Kevin,Wheat,male,36,CO,US,"Littleton, CO",00:00:00,01:31:00,01:33:00,05:04:46,05:08:37,07:13:17,07:19:01,09:48:00,09:54:00,12:21:17,12:33:49,13:46:25,13:52:28,16:35:10,16:48:44,19:38:09,19:55:52,24:31:08,24:35:34,25:53:46,26:04:31,28:03:52,28:09:34,30:35:24,30:37:36,31:19:55,31:21:41,34:18:49,34:19:02,36:39:14
95,30,92,Courtney,Boyle,female,40,CO,US,"Denver, CO",00:00:00,01:27:00,01:28:10,04:32:40,04:34:53,06:26:03,06:27:47,08:42:00,08:56:00,11:12:48,11:14:38,12:28:42,12:31:15,15:30:32,16:12:15,19:24:48,19:52:42,24:41:14,24:48:27,26:04:45,26:20:04,28:30:52,28:32:22,30:47:42,30:47:44,"",31:40:04,34:51:46,34:56:47,""
96,31,65,Laurie,Nakauchi,female,51,CO,US,"Lakewood, CO",00:00:00,01:37:00,01:37:00,05:06:29,05:10:53,07:11:32,07:13:00,09:29:00,09:39:00,12:03:02,12:05:12,13:26:55,13:27:16,16:25:33,16:48:50,19:46:41,19:47:25,24:23:45,24:25:42,26:08:44,26:09:17,28:16:21,28:17:58,30:51:31,30:52:41,31:47:38,31:48:09,35:58:11,36:03:52,""
97,32,106,Jill,Andersen,female,44,NV,US,"Reno, NV",00:00:00,01:34:00,01:35:00,05:00:43,05:03:17,07:17:10,07:22:54,09:40:00,09:47:00,11:55:04,12:00:39,13:06:50,13:08:38,15:38:02,15:56:13,18:17:55,18:26:42,22:53:17,22:58:34,24:25:07,24:39:56,26:47:03,26:51:07,29:38:46,29:40:17,30:43:07,30:56:57,36:04:17,36:04:34,""
98,66,74,Carlos,Ibarra,male,50,TX,US,"Houston, TX",00:00:00,01:40:00,01:41:00,05:12:13,05:16:56,07:30:40,07:36:26,10:04:00,10:15:00,12:45:19,12:48:31,14:02:57,14:05:04,17:21:45,17:34:28,20:29:10,20:35:09,25:30:48,25:30:57,26:50:59,26:53:24,28:46:43,28:53:32,31:21:00,31:21:07,32:00:09,32:00:31,35:56:14,36:04:51,""
99,67,95,Ross,Bielak,male,50,CO,US,"Littleton, CO",00:00:00,01:34:00,01:38:00,05:27:22,05:32:25,07:58:41,08:09:58,10:35:00,10:43:00,13:09:04,13:28:45,14:37:55,14:39:59,17:25:09,17:59:00,20:24:38,20:35:49,24:49:34,24:50:15,26:16:39,26:31:27,28:35:24,28:37:58,30:57:54,31:01:26,31:45:28,31:50:51,"","",""
100,33,18,Marianne,Osteen,female,61,CO,US,"Steamboat Springs, CO",00:00:00,01:26:00,01:28:00,04:39:49,04:44:08,06:49:32,06:56:04,09:18:00,09:30:00,11:48:04,12:01:19,13:17:15,13:19:53,16:22:50,16:28:58,19:09:12,19:31:11,24:07:26,24:19:39,25:51:30,25:51:49,27:58:47,28:01:47,"","","","","","",""
101,68,130,Maurizio,Calabrese,male,47,CO,US,"Colorado Springs, CO",00:00:00,01:30:00,01:33:00,05:42:50,05:46:23,08:00:20,08:04:15,10:38:00,10:43:00,13:15:40,13:22:57,14:32:24,14:34:29,17:31:44,17:41:45,20:39:41,20:47:58,25:29:03,25:31:07,26:45:00,26:46:09,30:12:00,30:12:00,"","","","","","",""
102,69,81,Anthony,Arena,male,36,CO,US,"Boulder, CO",00:00:00,01:19:00,01:22:00,04:04:39,04:07:50,05:49:08,05:54:52,07:43:00,07:52:00,09:51:03,09:58:52,11:00:44,11:01:53,13:07:23,13:26:35,15:22:52,15:28:59,19:00:17,19:14:15,20:35:56,20:54:00,"","","","","","","","",""
103,34,61,Nyleva,Corley,female,47,CO,US,"Colorado Springs, CO",00:00:00,01:37:00,01:37:00,05:29:55,05:33:20,07:44:47,07:50:01,10:22:00,10:29:00,12:58:26,13:09:10,14:25:16,14:26:36,17:18:43,17:45:30,20:14:29,20:35:29,25:12:20,25:27:33,26:49:35,27:00:07,"","","","","","","","",""
104,70,111,Bryan,Boyle,male,50,CO,US,"Gunnison, CO",00:00:00,01:37:00,01:39:00,05:27:15,05:32:30,07:37:23,07:38:49,10:34:00,10:38:00,13:00:51,13:12:33,14:25:03,14:30:14,17:27:07,17:44:54,20:46:39,21:00:14,25:44:18,25:53:27,27:24:51,27:25:08,"","","","","","","","",""
105,71,53,Kunlong,Cousin,male,51,CO,US,"Boulder, CO",00:00:00,01:33:00,01:36:00,05:46:26,05:49:49,08:09:55,08:17:28,11:03:00,11:16:00,13:52:04,14:02:54,15:26:49,15:32:57,18:50:20,19:14:57,21:52:30,21:55:28,26:25:36,27:16:35,27:45:00,27:45:00,"","","","","","","","",""
106,72,142,Jeremy,Hedges,male,46,CO,US,"Larkspur, CO",00:00:00,01:27:00,01:33:00,05:04:26,05:10:21,07:19:19,07:30:05,09:56:00,10:09:00,12:34:48,12:42:37,14:03:16,14:09:28,17:31:18,18:03:02,20:48:50,20:59:48,26:50:41,27:12:10,28:19:46,"","","","","","","","","",""
107,73,58,Sean,Strauss,male,42,CO,US,"Frisco, CO",00:00:00,01:28:00,01:30:00,05:09:41,05:12:57,07:21:57,07:30:53,10:06:00,10:18:00,12:58:13,13:19:19,14:26:27,14:34:42,17:24:40,18:20:37,21:14:13,22:14:00,"","","","","","","","","","","","",""
107,73,72,Steve,Bremner,male,66,CO,US,"Manitou Springs, CO",00:00:00,01:28:00,01:28:00,04:54:25,04:58:06,07:20:28,07:28:14,09:57:00,10:09:00,12:41:56,12:55:01,14:16:55,14:24:47,17:30:40,17:55:18,21:00:46,22:14:00,"","","","","","","","","","","","",""
107,73,129,Coree,Woltering,male,31,IL,US,"Ottawa, IL",00:00:00,01:15:00,01:15:00,05:01:51,05:33:28,07:37:45,07:48:45,10:41:00,11:47:00,14:09:32,14:33:09,15:39:53,15:42:46,19:29:00,19:29:00,22:02:19,22:14:00,"","","","","","","","","","","","",""
110,35,109,Kate,Gelineau,female,39,CT,US,"Oxford, CT",00:00:00,01:34:00,01:37:00,05:47:48,05:52:46,08:08:10,08:17:39,11:09:00,11:22:00,13:53:55,14:03:34,15:22:21,15:32:37,19:02:30,19:15:02,22:39:11,22:39:31,"","","","","","","","","","","","",""
111,36,79,Rachel,Meier,female,39,CO,US,"Denver, CO",00:00:00,01:40:00,01:41:00,05:39:14,05:44:08,08:11:46,08:24:27,11:02:00,11:22:00,14:01:08,14:06:45,15:39:57,15:44:21,19:12:57,19:29:00,22:45:40,22:51:37,"","","","","","","","","","","","",""
112,37,107,Melissa-Joi,Beaury,female,41,UT,US,"Moab, UT",00:00:00,01:15:00,01:15:00,03:54:13,03:56:13,05:33:04,05:37:41,07:38:00,07:44:00,09:55:52,10:06:51,11:08:07,11:09:22,13:27:37,13:44:00,"","","","","","","","","","","","","","",""
113,38,43,Kaitlyn,Yonke,female,31,CO,US,"Morrison, CO",00:00:00,01:14:00,01:14:00,03:51:48,03:54:15,05:37:56,05:41:13,07:34:00,07:43:00,09:46:17,10:21:31,11:21:18,11:24:02,14:05:00,14:05:00,"","","","","","","","","","","","","","",""
114,76,29,Kevin,Smilor,male,38,CO,US,"Denver, CO",00:00:00,01:19:00,01:21:00,04:10:00,04:12:29,06:07:43,06:07:47,08:10:00,09:04:00,11:04:03,11:15:25,12:17:13,12:21:02,14:39:13,15:35:00,"","","","","","","","","","","","","","",""
115,77,37,Kevin,Schmidt,male,37,CO,US,"Golden, CO",00:00:00,01:21:00,01:23:00,04:09:52,04:12:39,05:56:46,05:58:22,07:48:00,07:51:00,09:50:14,09:54:37,11:00:49,11:02:07,13:27:35,15:44:00,"","","","","","","","","","","","","","",""
116,39,114,Parrish,Placencia,female,45,CA,US,"Foresthill, CA",00:00:00,01:31:00,01:32:00,04:50:22,04:55:33,07:01:24,07:05:55,09:19:00,09:40:00,12:02:17,12:14:07,13:38:53,13:43:34,16:48:40,17:02:00,"","","","","","","","","","","","","","",""
117,78,143,Josh,Holer,male,45,CO,US,"Nathrop, CO",00:00:00,01:27:00,01:28:00,04:46:01,04:53:08,07:03:24,07:12:11,09:23:00,09:33:00,11:52:24,12:01:32,13:12:18,13:16:30,16:16:06,17:29:00,"","","","","","","","","","","","","","",""
118,40,2,Heather,Jossi,female,44,CO,US,"Denver, CO",00:00:00,01:28:00,01:30:00,04:49:24,04:54:13,07:01:30,07:06:25,09:24:00,09:30:00,11:57:57,12:14:10,13:31:51,13:43:14,"",17:48:00,"","","","","","","","","","","","","","",""
119,41,121,Amanda,Debevc,female,43,OH,US,"Chagrin Falls, OH",00:00:00,01:27:00,01:29:00,04:35:45,04:36:52,06:42:47,07:00:03,09:16:00,10:41:00,13:09:22,13:25:15,14:36:31,14:44:18,17:56:07,18:14:00,"","","","","","","","","","","","","","",""
120,79,131,Brian,Wandzilak,male,40,NE,US,"Lincoln, NE",00:00:00,01:27:00,01:28:00,04:35:01,04:37:23,06:47:52,07:01:42,09:38:00,10:10:10,12:53:44,13:22:02,14:30:47,14:38:04,17:43:30,18:37:20,"","","","","","","","","","","","","","",""
121,42,63,Stephanie,Gnoza,female,36,CO,US,"Boulder, CO",00:00:00,01:50:00,01:57:00,05:44:50,05:47:13,08:08:36,08:13:16,10:49:00,10:56:00,13:47:19,13:53:35,15:14:52,15:16:13,18:54:24,19:14:30,"","","","","","","","","","","","","","",""
122,43,10,Laurie,Tulchin,female,63,IA,US,"Iowa City, IA",00:00:00,01:43:00,01:44:00,05:39:03,05:42:52,08:07:14,08:13:04,10:58:00,11:01:00,13:49:19,13:58:44,15:28:48,15:31:48,19:18:10,19:18:34,"","","","","","","","","","","","","","",""
123,44,40,Jill,Price,female,47,TX,US,"Mckinney, TX",00:00:00,01:25:00,01:26:00,04:50:05,04:54:34,06:49:00,06:55:45,09:09:00,09:17:00,12:04:05,12:15:33,"","","","","","","","","","","","","","","","","","",""
124,80,138,Nathan,Leehman,male,47,NC,US,"Charlotte, NC",00:00:00,01:15:00,01:36:00,04:19:26,04:28:37,06:17:33,06:27:35,08:47:00,09:11:00,12:24:41,12:29:38,"","","","","","","","","","","","","","","","","","",""
125,81,9,Eric,Nordgren,male,36,MN,US,"Duluth, MN",00:00:00,01:21:00,01:24:00,04:22:51,04:28:55,06:25:30,06:35:18,09:12:00,09:58:00,12:39:52,13:34:18,"","","","","","","","","","","","","","","","","","",""
126,82,152,Michael,DiCanio,male,40,CO,US,"Evergreen, CO",00:00:00,01:23:00,01:25:00,04:25:03,04:32:48,06:23:41,06:42:14,08:51:00,09:48:00,12:29:54,13:42:00,"","","","","","","","","","","","","","","","","","",""
127,83,26,Konstantin,Walmsley,male,51,NJ,US,"Glen Ridge, NJ",00:00:00,01:23:00,01:27:00,04:28:05,04:32:53,06:35:40,06:42:11,09:22:00,09:48:00,12:29:51,13:46:33,"","","","","","","","","","","","","","","","","","",""
128,84,86,Ghislain,Devouton,male,43,WA,US,"Bellevue, WA",00:00:00,01:21:00,01:24:00,05:23:26,05:28:12,07:33:50,07:35:12,10:44:00,10:55:00,14:20:00,14:23:52,"","","","","","","","","","","","","","","","","","",""
129,85,122,Ryan,King,male,39,OH,US,"Piqua, OH",00:00:00,01:29:00,01:31:00,05:07:17,05:10:56,07:38:36,07:42:38,10:41:00,11:02:00,14:22:18,14:26:11,"","","","","","","","","","","","","","","","","","",""
130,45,133,Ivy,Lefebvre,female,43,CO,US,"Silverton, CO",00:00:00,01:23:00,01:25:00,04:50:23,04:53:14,07:07:22,07:16:15,09:44:00,"","","","","","","","","","","","","","","","","","","","","",""
131,86,149,Jonathan,Smolin,male,47,VT,US,"Norwich, VT",00:00:00,01:37:00,01:41:00,04:59:12,05:02:49,07:15:42,07:22:03,10:17:00,"","","","","","","","","","","","","","","","","","","","","",""
132,46,45,Christina,Dennison,female,37,CO,US,"Ouray, CO",00:00:00,01:37:00,01:38:00,05:48:17,05:51:58,08:08:41,08:15:10,11:13:00,"","","","","","","","","","","","","","","","","","","","","",""
133,87,62,Steve,MacDonald,male,54,TX,US,"Prosper, TX",00:00:00,01:31:00,01:32:00,05:15:46,05:19:53,08:31:42,08:31:45,11:34:00,"","","","","","","","","","","","","","","","","","","","","",""
134,88,96,Tim,Flaherty,male,56,PA,US,"Allison Park, PA",00:00:00,01:33:00,01:36:00,05:54:06,06:09:45,08:30:53,08:41:23,11:52:00,"","","","","","","","","","","","","","","","","","","","","",""
135,89,7,Tim,Steele,male,59,CA,US,"San Ramon, CA",00:00:00,01:26:00,01:28:00,05:06:59,05:13:03,07:31:41,07:42:44,11:55:00,"","","","","","","","","","","","","","","","","","","","","",""
136,47,44,Kimberly,Perricelli,female,49,CA,US,"San Francisco, CA",00:00:00,01:38:00,01:41:00,05:48:15,05:53:32,08:30:40,08:41:09,12:00:00,"","","","","","","","","","","","","","","","","","","","","",""
137,48,91,Abigail,Rolbiecki,female,35,MO,US,"Columbia, MO",00:00:00,01:38:00,01:40:00,06:23:51,06:29:24,08:46:50,08:53:21,12:04:00,"","","","","","","","","","","","","","","","","","","","","",""
138,90,28,Beau,Talley,male,59,AL,US,"Leeds, AL",00:00:00,01:43:00,01:47:00,06:31:39,06:35:43,09:16:31,09:21:54,12:07:00,"","","","","","","","","","","","","","","","","","","","","",""
139,49,15,Lynette,McDougal,female,53,ID,US,"Boise, ID",00:00:00,01:54:00,01:55:00,06:25:52,06:29:22,09:16:25,09:20:41,12:10:00,"","","","","","","","","","","","","","","","","","","","","",""
140,91,148,Krosby,Keller,male,37,IL,US,"O Fallon, IL",00:00:00,01:23:00,01:25:00,04:29:40,04:33:34,06:34:35,"","","","","","","","","","","","","","","","","","","","","","","",""
141,92,1,Dave,Scheibel,male,45,WA,US,"Seattle, WA",00:00:00,01:27:00,"","","","","","","","","","","","","","","","","","","","","","","","","","","",""
142,50,104,Carol,Seppilu,female,38,AK,US,"Nome, AK",00:00:00,02:06:00,"","","","","","","","","","","","","","","","","","","","","","","","","","","",""
